renderer,api,binding,threads,headline,status,runs_scheduled,runs_ok,runs_gpu_timed,runs_failed,runs_invalid,runs_unsupported,runs_missing,runs_paced,runs_cb_page_split,frames,draw_count,cpu_render_ms,cpu_render_ms_min,cpu_render_ms_max,cpu_render_ms_spread_pct,cpu_render_ms_p1,cpu_render_ms_p99,cpu_render_present_ms,cpu_render_present_ms_min,cpu_render_present_ms_max,cpu_render_present_ms_spread_pct,cpu_render_present_ms_p1,cpu_render_present_ms_p99,cpu_render_gc_ms,cpu_render_gc_ms_min,cpu_render_gc_ms_max,cpu_render_gc_ms_spread_pct,cpu_render_gc_ms_p1,cpu_render_gc_ms_p99,render_ms,render_ms_min,render_ms_max,render_ms_spread_pct,render_ms_p1,render_ms_p99,submit_ms,submit_ms_min,submit_ms_max,submit_ms_spread_pct,submit_ms_p1,submit_ms_p99,update_ms,update_ms_min,update_ms_max,update_ms_spread_pct,update_ms_p1,update_ms_p99,wait_ms,wait_ms_min,wait_ms_max,wait_ms_spread_pct,wait_ms_p1,wait_ms_p99,gc_ms,gc_ms_min,gc_ms_max,gc_ms_spread_pct,gc_ms_p1,gc_ms_p99,present_ms,present_ms_min,present_ms_max,present_ms_spread_pct,present_ms_p1,present_ms_p99,frame_ms,frame_ms_min,frame_ms_max,frame_ms_spread_pct,frame_ms_p1,frame_ms_p99,gpu_ms,gpu_ms_min,gpu_ms_max,gpu_ms_spread_pct,gpu_ms_p1,gpu_ms_p99,ns_per_draw,native_baseline,native_comparison,overhead_vs_native_pct,overhead_vs_native_ns_per_draw,overhead_vs_native_render_present_pct,overhead_vs_native_render_gc_pct,overhead_vs_native_d3d12_cross_api_pct,overhead_vs_native_d3d12_cross_api_ns_per_draw,overhead_vs_native_d3d12_cross_api_render_present_pct,overhead_vs_native_d3d12_cross_api_render_gc_pct,nvrhi_over_diligent_cpu_render,nvrhi_over_diligent_render_present,nvrhi_over_diligent_render_gc,nvrhi_over_diligent_frame,speedup_vs_1_thread,frame_speedup_vs_1_thread,vk_over_d3d12_cpu_render,vk_over_d3d12_frame,gpu_over_frame,population,cb_page_split_cpu_render_ms,cb_page_split_over_unaffected,reason
native,d3d12,original,1,1,ok,5,5,0,0,0,0,0,0,0,6318,50001,0.9738,0.9587,1.2086,25.6624,0.8526,1.72279,1.25495,1.2342,1.5023,21.3634,1.05012,2.09084,0.9738,0.9587,1.2086,25.6624,0.8526,1.72279,0.90995,0.8935,1.13805,26.8751,0.809386,1.63404,0.063,0.0623,0.0674,8.09524,0.041165,0.114021,1.7478,1.7334,1.7582,1.41893,1.6572,2.3356,0.0043,0.004,0.0043,6.97674,0.0031,0.0115,0,0,0,,0,0,0.2628,0.2601,0.2747,5.55556,0.191965,0.468964,3.0455,3.0162,3.29685,9.21524,2.72913,4.22681,,,,,,,19.4756,,,,,,,,,,,,,,,1,1,,,,,,,
native,d3d12,original,8,1,ok,5,5,0,0,0,0,0,0,0,17290,50001,0.4709,0.4691,0.4724,0.700786,0.341989,0.829868,0.6995,0.696,0.7031,1.01501,0.548789,1.26942,0.4709,0.4691,0.4724,0.700786,0.341989,0.829868,0.4148,0.4134,0.4161,0.650916,0.2902,0.727352,0.0581,0.0575,0.0586,1.89329,0.045489,0.126644,0.3952,0.394,0.3962,0.55668,0.3527,0.574576,0.0044,0.0042,0.0046,9.09091,0.0031,0.135538,0,0,0,,0,0,0.2343,0.2309,0.237,2.6035,0.187588,0.464612,1.1278,1.127,1.1287,0.150736,0.936878,1.79836,,,,,,,9.41781,,,,,,,,,,,,,,,2.06795,2.70039,,,,,,,
diligent,d3d12,tex_mut,1,1,ok,5,5,0,0,0,0,0,0,0,2943,50001,4.3115,4.0845,4.71815,14.6967,3.79549,6.3806,4.6727,4.4303,5.0884,14.0839,4.06492,6.86992,4.3115,4.0845,4.71815,14.6967,3.79549,6.3806,4.1651,3.9385,4.56505,15.0429,3.69316,6.22348,0.1408,0.13665,0.142,3.79972,0.077742,0.28368,1.7681,1.76325,1.7765,0.749392,1.66638,2.51465,0,0,0,,0,0,0,0,0,,0,0,0.3347,0.33145,0.3399,2.52465,0.23991,0.68177,6.49,6.2326,6.91885,10.574,5.75729,9.0334,,,,,,,86.2283,native D3D12,binding-model cost,342.75,66.7527,272.342,342.75,,,,,,,,,1,1,,,,,,,
diligent,d3d12,tex_mut,8,1,ok,5,5,0,0,0,0,0,0,0,10419,50001,1.2691,1.2453,1.5846,26.7355,1.0834,1.69958,1.5277,1.5053,1.8621,23.3554,1.32262,2.10313,1.2691,1.2453,1.5846,26.7355,1.0834,1.69958,1.1149,1.085,1.4318,31.1059,0.951636,1.45352,0.1506,0.148,0.1539,3.91766,0.103705,0.310676,0.3719,0.3698,0.3927,6.15757,0.316719,0.521948,0,0,0,,0,0,0,0,0,,0,0,0.2587,0.256,0.2701,5.45033,0.1997,0.476843,1.8992,1.8783,2.2424,19.1712,1.65234,2.56728,,,,,,,25.3815,native D3D12,binding-model cost,169.505,15.9637,118.399,169.505,,,,,,,,,3.39729,3.41723,,,,,,,
diligent,d3d12,bindless,1,1,ok,5,5,0,0,0,0,0,0,0,5369,50001,1.4764,1.4648,1.5027,2.56705,1.30147,2.27575,1.8213,1.8052,1.8544,2.70137,1.49983,2.73059,1.4764,1.4648,1.5027,2.56705,1.30147,2.27575,1.3472,1.3374,1.3705,2.45695,1.23708,2.09148,0.12315,0.1198,0.1263,5.27812,0.054967,0.20278,1.7429,1.7342,1.77985,2.6192,1.65377,2.33683,0,0,0,,0,0,0,0,0,,0,0,0.3199,0.3167,0.3263,3.00094,0.19806,0.548364,3.6073,3.5828,3.67525,2.56286,3.16874,4.81826,,,,,,,29.5274,native D3D12,layer overhead with equivalent binding strategy,51.6122,10.0518,45.1293,51.6122,,,,,,,,,1,1,,,,,,,
diligent,d3d12,bindless,8,1,ok,5,5,0,0,0,0,0,0,0,16501,50001,0.56105,0.55335,0.5745,3.76972,0.4658,0.925352,0.834,0.8275,0.8489,2.56595,0.6641,1.32388,0.56105,0.55335,0.5745,3.76972,0.4658,0.925352,0.4277,0.4236,0.4322,2.01076,0.3629,0.683125,0.1301,0.1267,0.1403,10.4535,0.0937,0.293345,0.3255,0.3253,0.3289,1.10599,0.3149,0.498435,0,0,0,,0,0,0,0,0,,0,0,0.2596,0.2578,0.2646,2.61941,0.1895,0.469535,1.181,1.1741,1.1985,2.06605,0.98891,1.76428,,,,,,,11.2208,native D3D12,layer overhead with equivalent binding strategy,19.1442,1.80296,19.228,19.1442,,,,,,,,,2.63149,3.05445,,,,,,,
nvrhi,d3d12,tex_mut,1,1,ok,5,5,0,0,0,0,0,0,3,2231.5,50001,6.40663,6.3856,6.42765,0.656352,5.57798,9.68917,6.78428,6.7662,6.80235,0.53285,5.84379,10.1222,6.41425,6.393,6.4355,0.662587,5.58487,9.69917,6.26647,6.2456,6.28735,0.666244,5.48655,9.52186,0.1253,0.1246,0.126,1.11732,0.0728955,0.247786,1.76253,1.7593,1.76575,0.365952,1.65694,2.53359,0.0101,0.0101,0.0101,0,0.006936,0.022825,0.00735,0.0073,0.0074,1.36054,0.0049805,0.016582,0.343125,0.3427,0.34355,0.247723,0.244411,0.716651,8.63595,8.6112,8.6607,0.573185,7.56055,12.2011,,,,,,,128.13,native D3D12,binding-model cost,557.899,108.654,440.601,558.682,,,,,1.48594,1.4519,1.48771,1.33065,1,1,,,,cb_page_split=false (2 of 5 runs),12.051,1.88102,
nvrhi,d3d12,tex_mut,8,1,ok,5,5,0,0,0,0,0,0,5,7830,50001,1.867,1.82425,1.8949,3.78415,1.68659,2.27307,2.1399,2.1013,2.1665,3.04687,1.91043,2.69859,1.8768,1.8346,1.9054,3.77238,1.69596,2.2885,1.7847,1.73995,1.812,4.03709,1.60506,2.16636,0.0814,0.0803,0.0834,3.80835,0.059173,0.145145,0.3809,0.3802,0.3867,1.70648,0.3186,0.528791,0.0112,0.0108,0.0113,4.46429,0.0078,0.022729,0.0099,0.0095,0.0099,4.0404,0.0068,0.0202,0.26475,0.26205,0.2704,3.15392,0.2049,0.4599,2.53205,2.4923,2.55935,2.64805,2.26299,3.17036,,,,,,,37.3393,native D3D12,binding-model cost,296.475,27.9214,205.919,298.556,,,,,1.47112,1.40073,1.47884,1.33322,3.43151,3.41066,,,,cb_page_split=true (no unaffected run),1.867,,
nvrhi,d3d12,bindless,1,1,ok,5,5,0,0,0,0,0,0,2,5779,50001,1.2335,1.2268,1.2375,0.86745,0.972856,2.003,1.573,1.5703,1.5802,0.629371,1.24625,2.457,1.239,1.23295,1.2432,0.82728,0.978446,2.01195,1.127,1.116,1.1294,1.189,0.893802,1.83905,0.1053,0.1044,0.1066,2.08927,0.066656,0.174876,1.73,1.729,1.7311,0.121387,1.63317,2.36722,0.0079,0.0079,0.0081,2.53165,0.0054,0.0152,0.0056,0.0055,0.0058,5.35714,0.0037,0.012,0.3241,0.3214,0.3267,1.6353,0.239874,0.572608,3.362,3.35435,3.3718,0.519036,2.90787,4.51801,,,,,,,24.6695,native D3D12,layer overhead with equivalent binding strategy,26.6687,5.1939,25.3436,27.2335,,,,,0.835478,0.863669,0.839203,0.931999,1,1,,,,cb_page_split=false (3 of 5 runs),1.24317,1.00784,
nvrhi,d3d12,bindless,8,1,ok,5,5,0,0,0,0,0,0,2,16704,50001,0.486,0.4801,0.4967,3.41564,0.3876,0.896886,0.7831,0.7778,0.7952,2.22194,0.6219,1.28817,0.49835,0.4931,0.5095,3.29086,0.397,0.914895,0.3956,0.3907,0.4052,3.66532,0.3174,0.733793,0.0893,0.0892,0.08955,0.391937,0.0663,0.1753,0.3317,0.328,0.3326,1.3868,0.316682,0.530454,0.0127,0.0127,0.013,2.3622,0.0093,0.0369,0.0112,0.0112,0.0116,3.57143,0.0081,0.0351,0.2912,0.2906,0.2936,1.03022,0.2262,0.537691,1.1593,1.1534,1.1657,1.06099,0.964782,1.78902,,,,,,,9.71981,native D3D12,layer overhead with equivalent binding strategy,3.20663,0.301994,11.9514,5.82926,,,,,0.866233,0.938969,0.888245,0.981626,2.53807,2.90003,,,,cb_page_split=false (3 of 5 runs),0.4914,1.01111,
diligent,vk,tex_mut,1,1,ok,5,5,0,0,0,0,0,0,0,3153,50001,4.1213,4.08905,4.234,3.51709,3.67037,6.41929,4.2225,4.1879,4.33365,3.45175,3.753,6.53982,4.1213,4.08905,4.234,3.51709,3.67037,6.41929,4.036,4.0064,4.1555,3.69425,3.61004,6.32855,0.079,0.0778,0.0803,3.16456,0.052762,0.14231,1.7944,1.77065,1.7999,1.63007,1.72373,2.34043,0,0,0,,0,0,0,0,0,,0,0,0.0931,0.0924,0.0935,1.18153,0.074919,0.170635,6.0426,6.00835,6.145,2.26144,5.4969,8.6103,,,,,,,82.4244,native D3D12 (cross-API reference),binding-model cost,,,,,323.218,62.9487,236.468,323.218,,,,,1,1,0.955885,0.931063,,,,,
diligent,vk,tex_mut,8,1,ok,5,5,0,0,0,0,0,0,0,11609,50001,1.2399,1.2295,1.2502,1.66949,1.08036,1.62873,1.319,1.31,1.3308,1.57695,1.14968,1.73722,1.2399,1.2295,1.2502,1.66949,1.08036,1.62873,1.139,1.1246,1.1487,2.11589,0.991564,1.45973,0.0978,0.0946,0.1009,6.44172,0.0768,0.181416,0.3748,0.3705,0.3818,3.01494,0.320917,0.592738,0,0,0,,0,0,0,0,0,,0,0,0.074,0.0736,0.0763,3.64865,0.0609,0.158636,1.7106,1.69425,1.7189,1.44101,1.48872,2.20686,,,,,,,24.7975,native D3D12 (cross-API reference),binding-model cost,,,,,163.304,15.3797,88.5633,163.304,,,,,3.3239,3.53244,0.976992,0.900695,,,,,
diligent,vk,bindless,1,1,ok,5,5,0,0,0,0,0,0,0,4647,50001,2.227,2.2133,2.38235,7.59093,1.99963,3.45791,2.3189,2.3049,2.47355,7.27284,2.07469,3.57667,2.227,2.2133,2.38235,7.59093,1.99963,3.45791,2.1469,2.1359,2.3047,7.8625,1.94279,3.36341,0.0767,0.0744,0.0783,5.08475,0.050536,0.121654,1.76255,1.7601,1.7746,0.822672,1.69241,2.26093,0,0,0,,0,0,0,0,0,,0,0,0.0882,0.0865,0.0894,3.28798,0.0696,0.149628,4.1437,4.1022,4.2647,3.92162,3.78605,5.5908,,,,,,,44.5391,native D3D12 (cross-API reference),layer overhead with equivalent binding strategy,,,,,128.692,25.0635,84.7803,128.692,,,,,1,1,1.5084,1.1487,,,,,
diligent,vk,bindless,8,1,ok,5,5,0,0,0,0,0,0,0,16608,50001,0.7411,0.7378,0.7448,0.944542,0.597676,1.18729,0.8191,0.8154,0.8222,0.830179,0.660076,1.61919,0.7411,0.7378,0.7448,0.944542,0.597676,1.18729,0.6596,0.6551,0.6617,1.00061,0.5376,1.0484,0.077,0.0767,0.0786,2.46753,0.0487,0.169386,0.3324,0.3302,0.3365,1.89531,0.3177,0.548134,0,0,0,,0,0,0,0,0,,0,0,0.0734,0.0721,0.0738,2.31608,0.0536,0.930851,1.1749,1.172,1.1775,0.468125,0.988783,1.99647,,,,,,,14.8217,native D3D12 (cross-API reference),layer overhead with equivalent binding strategy,,,,,57.3795,5.40389,17.0979,57.3795,,,,,3.00499,3.52685,1.32092,0.994835,,,,,
nvrhi,vk,tex_mut,1,1,ok,5,5,0,0,0,0,0,0,0,1272,50001,13.4606,13.3176,15.0195,12.6436,10.4214,19.1054,13.5252,13.3927,15.085,12.5118,10.4937,19.1953,13.5793,13.4691,15.1467,12.3537,10.5458,19.2197,13.2264,13.0772,14.749,12.6394,10.22,18.7197,0.2105,0.2035,0.212,4.038,0.1755,0.87304,1.7648,1.7571,2.3144,31.5786,1.68147,2.53301,0.1224,0.12135,0.1239,2.08333,0.110364,0.659038,0.1062,0.1057,0.1065,0.753296,0.09882,0.645191,0.0635,0.05995,0.0639,6.22047,0.048677,0.13706,15.5319,15.3543,17.0682,11.0344,12.4159,21.1463,,,,,,,269.207,native D3D12 (cross-API reference),binding-model cost,,,,,1282.28,249.731,977.748,1294.46,3.26611,3.20313,3.29491,2.5704,1,1,2.10104,1.79852,,,,,
nvrhi,vk,tex_mut,8,1,ok,5,5,0,0,0,0,0,0,0,6271,50001,2.6031,2.5749,2.617,1.6173,2.40816,3.14291,2.6534,2.62535,2.66745,1.58664,2.45417,3.20963,2.7224,2.69355,2.7352,1.5299,2.52685,3.26437,2.425,2.397,2.4392,1.74021,2.23709,2.93097,0.1732,0.1725,0.1737,0.692841,0.1549,0.25164,0.3856,0.38435,0.3903,1.54305,0.317463,0.55042,0.1235,0.1229,0.1241,0.97166,0.110927,0.1613,0.1159,0.1155,0.1163,0.69025,0.1036,0.151855,0.0485,0.0478,0.049,2.47423,0.0405,0.08203,3.1695,3.13645,3.1813,1.41505,2.9318,3.79237,,,,,,,52.061,native D3D12 (cross-API reference),binding-model cost,,,,,452.793,42.6431,279.328,478.127,2.09944,2.01168,2.19566,1.85286,5.17099,4.90043,1.39427,1.25175,,,,,
nvrhi,vk,bindless,1,1,ok,5,5,0,0,0,0,0,0,0,5228,50001,1.80955,1.7875,1.88745,5.52347,1.56788,2.79712,1.8632,1.8416,1.93985,5.27319,1.6137,2.86605,1.8129,1.7918,1.89145,5.49672,1.57214,2.80104,1.74365,1.7199,1.81885,5.67488,1.51309,2.71083,0.066,0.0641,0.0685,6.66667,0.0454,0.108747,1.7574,1.7544,1.7747,1.15512,1.68902,2.22691,0.0156,0.0153,0.0161,5.12821,0.0106,0.0366,0.0037,0.00355,0.0039,9.45946,0.0025,0.006449,0.0525,0.0511,0.0531,3.80952,0.042327,0.087849,3.6988,3.6697,3.76935,2.69412,3.36595,4.93215,,,,,,,36.1903,native D3D12 (cross-API reference),layer overhead with equivalent binding strategy,,,,,85.8236,16.7147,48.4681,86.1676,0.812551,0.803484,0.814055,0.892632,1,1,1.467,1.10018,,,,,
nvrhi,vk,bindless,8,1,ok,5,5,0,0,0,0,0,0,0,16925,50001,0.6405,0.6383,0.6526,2.23263,0.496526,1.11648,0.6948,0.6915,0.7042,1.82786,0.538826,1.8978,0.6496,0.6465,0.6613,2.27833,0.5027,1.12507,0.568,0.5666,0.5817,2.65845,0.444564,1.0157,0.0658,0.0642,0.0668,3.95137,0.0476,0.158174,0.3295,0.3294,0.3305,0.333839,0.3163,0.55794,0.0156,0.0152,0.0162,6.41026,0.0097,0.038222,0.0071,0.007,0.0076,8.4507,0.0041,0.0209,0.0485,0.0476,0.0487,2.26804,0.0323,1.10389,1.0824,1.0787,1.0891,0.960828,0.8848,2.28822,,,,,,,12.8097,native D3D12 (cross-API reference),layer overhead with equivalent binding strategy,,,,,36.0161,3.39193,-0.671909,37.9486,0.864256,0.848248,0.876535,0.92127,2.82521,3.41722,1.3179,0.933667,,,,,
