api,binding,threads,headline,nvrhi_status,diligent_status,nvrhi_cpu_render_ms,diligent_cpu_render_ms,nvrhi_over_diligent_cpu_render,nvrhi_cpu_render_present_ms,diligent_cpu_render_present_ms,nvrhi_over_diligent_cpu_render_present,nvrhi_cpu_render_gc_ms,diligent_cpu_render_gc_ms,nvrhi_over_diligent_cpu_render_gc,nvrhi_frame_ms,diligent_frame_ms,nvrhi_over_diligent_frame
d3d11,mut,1,0,ok,ok,11.5958,7.565,1.53282,11.8459,7.81995,1.51483,11.5979,7.565,1.5331,13.5905,9.5633,1.4211
d3d11,tex_mut,1,0,ok,ok,4.2288,3.9242,1.07762,4.48855,4.1981,1.06919,4.23128,3.9242,1.07825,6.3874,6.0801,1.05054
d3d12,mut,1,0,ok,ok,9.75925,6.6283,1.47236,10.1461,6.9781,1.45398,9.7703,6.6283,1.47403,11.9133,8.6936,1.37035
d3d12,mut,2,0,ok,ok,4.81125,3.3486,1.43679,5.1296,3.6485,1.40595,4.81815,3.3486,1.43886,6.05178,4.5251,1.33738
d3d12,mut,4,0,ok,ok,3.411,2.0035,1.70252,3.6905,2.27605,1.62145,3.4185,2.0035,1.70626,4.2333,2.781,1.52222
d3d12,mut,8,0,ok,ok,2.2801,1.6851,1.35309,2.5608,1.9508,1.31269,2.2895,1.6851,1.35867,2.9179,2.2737,1.28333
d3d12,mut,15,0,ok,ok,1.62035,1.4687,1.10325,1.8868,1.7355,1.08718,1.6347,1.4687,1.11303,2.1335,1.9417,1.09878
d3d12,tex_mut,1,1,ok,ok,5.83795,3.929,1.48586,6.26215,4.257,1.47102,5.84655,3.929,1.48805,8.1429,6.0769,1.33998
d3d12,tex_mut,2,0,ok,ok,2.9862,2.1419,1.39418,3.2747,2.4322,1.34639,2.99257,2.1419,1.39716,4.1896,3.3288,1.25859
d3d12,tex_mut,4,0,ok,ok,1.695,1.3164,1.2876,1.9393,1.5539,1.24802,1.7011,1.3164,1.29224,2.4739,2.0755,1.19195
d3d12,tex_mut,8,1,ok,ok,1.4739,1.093,1.34849,1.71445,1.39475,1.22922,1.482,1.093,1.3559,2.06735,1.72075,1.20142
d3d12,tex_mut,15,0,ok,ok,1.1204,0.921,1.2165,1.4359,1.1951,1.20149,1.1351,0.921,1.23246,1.72485,1.4368,1.20048
d3d12,bindless,1,1,ok,ok,1.1368,1.3691,0.830326,1.4438,1.66205,0.868686,1.1418,1.3691,0.833979,3.138,3.34255,0.938804
d3d12,bindless,2,0,ok,ok,0.78005,0.83055,0.939197,1.05865,1.07612,0.983761,0.786,0.83055,0.946361,1.94535,1.94185,1.0018
d3d12,bindless,4,0,ok,ok,0.57415,0.57175,1.0042,0.90435,0.81725,1.10658,0.5811,0.57175,1.01635,1.44935,1.3108,1.1057
d3d12,bindless,8,1,ok,ok,0.4864,0.4996,0.973579,0.7456,0.77825,0.958047,0.4961,0.4996,0.992994,1.101,1.1011,0.999909
d3d12,bindless,15,0,ok,ok,0.5409,0.5682,0.951954,0.836,0.8852,0.944419,0.55895,0.5682,0.983721,1.1024,1.1046,0.998008
vk,mut,1,0,ok,ok,18.3635,7.6767,2.39211,18.413,7.76255,2.37203,18.4632,7.6767,2.40509,20.2564,9.4507,2.14338
vk,mut,2,0,ok,ok,8.6214,3.942,2.18706,8.6677,,,8.722,3.942,2.21258,9.7801,,
vk,mut,4,0,ok,ok,4.89275,2.3356,2.09486,4.9389,,,4.99462,2.3356,2.13848,5.59605,,
vk,mut,8,0,ok,ok,3.5032,1.9473,1.799,3.5521,,,3.61005,1.9473,1.85387,4.0218,,
vk,mut,15,0,ok,ok,2.3932,1.50895,1.586,2.44665,,,2.5041,1.50895,1.6595,2.8618,,
vk,tex_mut,1,1,ok,ok,11.4918,3.7983,3.02552,11.5413,6.1609,1.87331,11.5942,3.7983,3.05247,13.3635,8.3304,1.60418
vk,tex_mut,2,0,ok,ok,6.1887,2.0869,2.9655,6.23997,,,6.30995,2.0869,3.0236,7.67173,,
vk,tex_mut,4,0,ok,ok,2.8584,1.29507,2.20713,2.8992,,,2.9618,1.29507,2.28697,3.5518,,
vk,tex_mut,8,1,ok,ok,2.4743,1.1681,2.11823,2.517,,,2.5798,1.1681,2.20854,2.9905,,
vk,tex_mut,15,0,ok,ok,1.6882,0.9203,1.8344,1.7362,,,1.8037,0.9203,1.9599,2.1868,,
vk,bindless,1,1,ok,ok,1.6401,2.0805,0.78832,1.6853,,,1.6433,2.0805,0.789858,3.3993,,
vk,bindless,2,0,ok,ok,0.9486,1.2087,0.78481,0.98645,,,0.9519,1.2087,0.78754,1.9237,,
vk,bindless,4,0,ok,ok,0.65115,0.86005,0.757107,0.6915,,,0.655,0.86005,0.761584,1.21387,,
vk,bindless,8,1,ok,ok,0.57565,0.7168,0.803083,0.6459,,,0.5836,0.7168,0.814174,1.02035,,
vk,bindless,15,0,ok,ok,0.5366,0.65405,0.820427,0.8095,,,0.5473,0.65405,0.836786,1.0648,,
