config,rep,renderer,api,binding,threads,variant,gpu_timing,status,frames,draw_count,static_scene_hash,adapter,cpu_render_ms_median,cpu_render_ms_p1,cpu_render_ms_p99,cpu_render_present_ms_median,cpu_render_present_ms_p1,cpu_render_present_ms_p99,cpu_render_gc_ms_median,cpu_render_gc_ms_p1,cpu_render_gc_ms_p99,render_ms_median,render_ms_p1,render_ms_p99,submit_ms_median,submit_ms_p1,submit_ms_p99,update_ms_median,update_ms_p1,update_ms_p99,wait_ms_median,wait_ms_p1,wait_ms_p99,gc_ms_median,gc_ms_p1,gc_ms_p99,present_ms_median,present_ms_p1,present_ms_p99,frame_ms_median,frame_ms_p1,frame_ms_p99,gpu_ms_median,gpu_ms_p1,gpu_ms_p99,paced,pacing_multiple,display_refresh_hz,window_visible_fraction,pacing_excluded,present_mode,cb_page_split,cb_page_split_command_lists,reason
nvrhi_d3d12_tex_mut_t01,rep1,nvrhi,d3d12,tex_mut,1,,0,ok,1562,50001,0x95bca375014e86d9,NVIDIA GeForce RTX 4050 Laptop GPU,10.4937,8.70151,12.9848,10.9121,9.02863,13.5058,10.5048,8.70917,12.9959,10.3472,8.5847,12.8177,0.13755,0.100166,0.287263,1.6782,1.63264,2.35288,0.0109,0.0074,0.025968,0.0076,0.005361,0.0222,0.3789,0.28471,0.712651,12.7458,10.7323,15.511,,,,0,,120,1,0,"DXGI flip-discard, sync interval 0, DXGI_PRESENT_ALLOW_TEARING",true,1,
nvrhi_d3d12_tex_mut_t01__always_set_state,rep1,nvrhi,d3d12,tex_mut,1,always_set_state,0,ok,2395,50001,0x95bca375014e86d9,NVIDIA GeForce RTX 4050 Laptop GPU,6.0326,5.79611,7.14145,6.4457,6.0857,7.54153,6.0404,5.80314,7.1529,5.8877,5.68979,6.99874,0.1274,0.082594,0.24656,1.7279,1.6675,2.34335,0.0103,0.0063,0.02643,0.007,0.0044,0.021412,0.3538,0.257088,0.69976,8.2892,7.80302,9.51188,,,,0,,120,1,0,"DXGI flip-discard, sync interval 0, DXGI_PRESENT_ALLOW_TEARING",false,0,
nvrhi_d3d12_tex_mut_t01__cb_page_split_avoid,rep1,nvrhi,d3d12,tex_mut,1,cb_page_split_avoid,0,ok,2421,50001,0x95bca375014e86d9,NVIDIA GeForce RTX 4050 Laptop GPU,5.9189,5.64862,6.92174,6.3423,5.94252,7.3155,5.9287,5.65498,6.93264,5.7745,5.54926,6.78338,0.1307,0.08136,0.25282,1.7435,1.66424,2.41032,0.0108,0.0063,0.0248,0.0075,0.0045,0.02078,0.3709,0.25102,0.69792,8.2113,7.66936,9.35786,,,,0,,120,1,0,"DXGI flip-discard, sync interval 0, DXGI_PRESENT_ALLOW_TEARING",false,0,
nvrhi_d3d12_tex_mut_t01__cb_page_split_force,rep1,nvrhi,d3d12,tex_mut,1,cb_page_split_force,0,ok,1548,50001,0x95bca375014e86d9,NVIDIA GeForce RTX 4050 Laptop GPU,10.5676,8.75155,13.478,10.9762,9.08684,14.0244,10.574,8.75845,13.4905,10.4224,8.62839,13.2586,0.132,0.101564,0.289678,1.68085,1.63384,2.26003,0.0108,0.0075,0.023706,0.0074,0.0054,0.018653,0.36375,0.283547,0.720342,12.7741,10.7941,15.8667,,,,0,,120,1,0,"DXGI flip-discard, sync interval 0, DXGI_PRESENT_ALLOW_TEARING",true,1,
nvrhi_d3d12_tex_mut_t01__no_auto_barriers,rep1,nvrhi,d3d12,tex_mut,1,no_auto_barriers,0,ok,1582,50001,0x95bca375014e86d9,NVIDIA GeForce RTX 4050 Laptop GPU,10.376,8.63485,12.6112,10.7908,8.96532,13.1384,10.3846,8.6442,12.6199,10.2178,8.51126,12.3901,0.13445,0.104124,0.269594,1.6849,1.63738,2.32239,0.0106,0.0078,0.0251,0.0075,0.005781,0.018614,0.36485,0.285281,0.72211,12.5805,10.6778,15.028,,,,0,,120,1,0,"DXGI flip-discard, sync interval 0, DXGI_PRESENT_ALLOW_TEARING",true,1,
nvrhi_d3d12_tex_mut_t01__track_liveness,rep1,nvrhi,d3d12,tex_mut,1,track_liveness,0,ok,1430,50001,0x95bca375014e86d9,NVIDIA GeForce RTX 4050 Laptop GPU,11.6289,9.31915,14.5776,12.0494,9.64484,15.0603,11.8317,9.41677,14.832,11.4703,9.20209,14.3718,0.1368,0.106187,0.30111,1.6572,1.6215,2.0776,0.13575,0.092429,0.689594,0.1329,0.090329,0.686133,0.366,0.281635,0.748426,13.9646,11.4382,17.0495,,,,0,,120,1,0,"DXGI flip-discard, sync interval 0, DXGI_PRESENT_ALLOW_TEARING",false,0,
nvrhi_d3d12_tex_mut_t01,rep2,nvrhi,d3d12,tex_mut,1,,0,ok,2434,50001,0x95bca375014e86d9,NVIDIA GeForce RTX 4050 Laptop GPU,5.8658,5.63146,6.85807,6.2889,5.91713,7.34315,5.87425,5.6395,6.86867,5.71745,5.5323,6.69809,0.1301,0.081932,0.247972,1.73465,1.6518,2.436,0.0111,0.0066,0.025367,0.0076,0.0045,0.021637,0.3763,0.257232,0.741509,8.157,7.63773,9.39906,,,,0,,120,1,0,"DXGI flip-discard, sync interval 0, DXGI_PRESENT_ALLOW_TEARING",false,0,
nvrhi_d3d12_tex_mut_t01__always_set_state,rep2,nvrhi,d3d12,tex_mut,1,always_set_state,0,ok,1548,50001,0x95bca375014e86d9,NVIDIA GeForce RTX 4050 Laptop GPU,10.6623,8.98899,13.0027,11.0726,9.31566,13.4849,10.6749,8.99972,13.0106,10.5168,8.87143,12.7283,0.1315,0.102241,0.28393,1.67415,1.62735,2.27709,0.0106,0.0072,0.023053,0.0076,0.0053,0.019253,0.3594,0.2784,0.723891,12.8554,11.0162,15.3192,,,,0,,120,1,0,"DXGI flip-discard, sync interval 0, DXGI_PRESENT_ALLOW_TEARING",true,1,
nvrhi_d3d12_tex_mut_t01__cb_page_split_avoid,rep2,nvrhi,d3d12,tex_mut,1,cb_page_split_avoid,0,ok,2413,50001,0x95bca375014e86d9,NVIDIA GeForce RTX 4050 Laptop GPU,5.9219,5.68076,6.9915,6.3515,5.97657,7.44279,5.9315,5.69001,7.00297,5.7734,5.57674,6.80009,0.132,0.079912,0.260268,1.7677,1.68261,2.40913,0.0114,0.0065,0.0257,0.0079,0.0046,0.0197,0.3762,0.255712,0.721088,8.2354,7.72271,9.39864,,,,0,,120,1,0,"DXGI flip-discard, sync interval 0, DXGI_PRESENT_ALLOW_TEARING",false,0,
nvrhi_d3d12_tex_mut_t01__cb_page_split_force,rep2,nvrhi,d3d12,tex_mut,1,cb_page_split_force,0,ok,1549,50001,0x95bca375014e86d9,NVIDIA GeForce RTX 4050 Laptop GPU,10.6377,8.7813,13.0236,11.0453,9.10061,13.5412,10.6461,8.78785,13.0352,10.487,8.6557,12.8393,0.136,0.099844,0.281964,1.7054,1.6439,2.26866,0.0109,0.0074,0.022964,0.0076,0.0055,0.0187,0.3725,0.28304,0.75368,12.8906,10.8165,15.4096,,,,0,,120,1,0,"DXGI flip-discard, sync interval 0, DXGI_PRESENT_ALLOW_TEARING",true,1,
nvrhi_d3d12_tex_mut_t01__no_auto_barriers,rep2,nvrhi,d3d12,tex_mut,1,no_auto_barriers,0,ok,2491,50001,0x95bca375014e86d9,NVIDIA GeForce RTX 4050 Laptop GPU,5.7062,5.4938,6.514,6.1171,5.78053,6.99397,5.715,5.50072,6.52813,5.5577,5.38763,6.36924,0.1302,0.07849,0.25566,1.7591,1.65564,2.3685,0.0116,0.0064,0.0258,0.0076,0.0045,0.02261,0.3677,0.25117,0.74569,7.9858,7.49629,8.98857,,,,0,,120,1,0,"DXGI flip-discard, sync interval 0, DXGI_PRESENT_ALLOW_TEARING",false,0,
nvrhi_d3d12_tex_mut_t01__track_liveness,rep2,nvrhi,d3d12,tex_mut,1,track_liveness,0,ok,1401,50001,0x95bca375014e86d9,NVIDIA GeForce RTX 4050 Laptop GPU,11.9638,9.6585,14.473,12.3872,10.0152,14.9571,12.1609,9.751,14.8092,11.7949,9.5392,14.2847,0.1356,0.1051,0.2854,1.6592,1.6248,2.074,0.1371,0.0934,0.6721,0.1343,0.0915,0.6701,0.3664,0.2893,0.7446,14.3059,11.7811,16.9661,,,,0,,120,1,0,"DXGI flip-discard, sync interval 0, DXGI_PRESENT_ALLOW_TEARING",true,1,
nvrhi_d3d12_tex_mut_t01,rep3,nvrhi,d3d12,tex_mut,1,,0,ok,2465,50001,0x95bca375014e86d9,NVIDIA GeForce RTX 4050 Laptop GPU,5.7685,5.56325,6.59306,6.1739,5.83943,7.05102,5.777,5.57039,6.60103,5.625,5.4584,6.44385,0.1249,0.077064,0.250676,1.7563,1.6703,2.43766,0.0105,0.0061,0.024316,0.0072,0.0043,0.0218,0.3571,0.2451,0.717032,8.0585,7.56676,9.15208,,,,0,,120,1,0,"DXGI flip-discard, sync interval 0, DXGI_PRESENT_ALLOW_TEARING",false,0,
nvrhi_d3d12_tex_mut_t01__always_set_state,rep3,nvrhi,d3d12,tex_mut,1,always_set_state,0,ok,2444,50001,0x95bca375014e86d9,NVIDIA GeForce RTX 4050 Laptop GPU,5.88205,5.68774,6.62822,6.2997,5.98051,7.03132,5.8907,5.6955,6.63492,5.7346,5.57887,6.49651,0.12805,0.082386,0.256357,1.7385,1.6615,2.37902,0.0113,0.0065,0.026799,0.0075,0.0047,0.022428,0.36395,0.253043,0.726655,8.1333,7.69614,9.09759,,,,0,,120,1,0,"DXGI flip-discard, sync interval 0, DXGI_PRESENT_ALLOW_TEARING",false,0,
nvrhi_d3d12_tex_mut_t01__cb_page_split_avoid,rep3,nvrhi,d3d12,tex_mut,1,cb_page_split_avoid,0,ok,2480,50001,0x95bca375014e86d9,NVIDIA GeForce RTX 4050 Laptop GPU,5.756,5.55779,6.79409,6.15885,5.83155,7.22719,5.7649,5.56458,6.80064,5.61105,5.45744,6.66448,0.1242,0.075695,0.256277,1.7387,1.6596,2.41989,0.011,0.0063,0.023921,0.0072,0.0044,0.020142,0.3566,0.2451,0.731499,8.0027,7.54047,9.35259,,,,0,,120,1,0,"DXGI flip-discard, sync interval 0, DXGI_PRESENT_ALLOW_TEARING",false,0,
nvrhi_d3d12_tex_mut_t01__cb_page_split_force,rep3,nvrhi,d3d12,tex_mut,1,cb_page_split_force,0,ok,1519,50001,0x95bca375014e86d9,NVIDIA GeForce RTX 4050 Laptop GPU,10.803,8.97166,13.2904,11.2299,9.3033,13.6986,10.8111,8.97915,13.2996,10.6343,8.84553,13.0364,0.1352,0.102718,0.278496,1.7729,1.68304,2.59127,0.0103,0.0072,0.021782,0.0074,0.0055,0.017982,0.3679,0.28068,0.71717,13.1844,11.0568,15.7399,,,,0,,120,1,0,"DXGI flip-discard, sync interval 0, DXGI_PRESENT_ALLOW_TEARING",true,1,
nvrhi_d3d12_tex_mut_t01__no_auto_barriers,rep3,nvrhi,d3d12,tex_mut,1,no_auto_barriers,0,ok,2457,50001,0x95bca375014e86d9,NVIDIA GeForce RTX 4050 Laptop GPU,5.8146,5.58567,6.72259,6.2336,5.85983,7.14944,5.8238,5.5925,6.72938,5.6617,5.48538,6.56814,0.1306,0.078492,0.251832,1.7483,1.66006,2.39518,0.0115,0.0065,0.02562,0.0077,0.0045,0.021844,0.3719,0.249324,0.75284,8.0894,7.56563,9.20016,,,,0,,120,1,0,"DXGI flip-discard, sync interval 0, DXGI_PRESENT_ALLOW_TEARING",false,0,
nvrhi_d3d12_tex_mut_t01__track_liveness,rep3,nvrhi,d3d12,tex_mut,1,track_liveness,0,ok,1452,50001,0x95bca375014e86d9,NVIDIA GeForce RTX 4050 Laptop GPU,11.3853,9.30601,14.2221,11.8087,9.64728,14.8013,11.5838,9.40276,14.5564,11.2254,9.1802,14.0298,0.1351,0.10761,0.285843,1.6573,1.62575,2.05376,0.1408,0.0931,0.656245,0.138,0.091051,0.653098,0.3593,0.285251,0.744679,13.7012,11.431,16.8062,,,,0,,120,1,0,"DXGI flip-discard, sync interval 0, DXGI_PRESENT_ALLOW_TEARING",false,0,
nvrhi_d3d12_tex_mut_t08,rep1,nvrhi,d3d12,tex_mut,8,,0,ok,9710,50001,0x95bca375014e86d9,NVIDIA GeForce RTX 4050 Laptop GPU,1.4567,1.13274,1.72977,1.694,1.46024,2.06564,1.4653,1.14083,1.74223,1.3806,1.05891,1.62787,0.0754,0.058309,0.1355,0.3246,0.270409,0.409091,0.0093,0.0065,0.0188,0.0082,0.0056,0.0167,0.2367,0.1935,0.395664,2.0459,1.77555,2.50492,,,,0,,120,1,0,"DXGI flip-discard, sync interval 0, DXGI_PRESENT_ALLOW_TEARING",false,0,
nvrhi_d3d12_tex_mut_t08__always_set_state,rep1,nvrhi,d3d12,tex_mut,8,always_set_state,0,ok,9430,50001,0x95bca375014e86d9,NVIDIA GeForce RTX 4050 Laptop GPU,1.51545,1.03747,1.809,1.75465,1.26308,2.19363,1.52365,1.04455,1.82342,1.4395,0.971148,1.70478,0.0744,0.0571,0.1341,0.3267,0.271029,0.413971,0.0091,0.0062,0.0199,0.0081,0.0054,0.0177,0.2387,0.191229,0.399278,2.1092,1.56881,2.61395,,,,0,,120,1,0,"DXGI flip-discard, sync interval 0, DXGI_PRESENT_ALLOW_TEARING",false,0,
nvrhi_d3d12_tex_mut_t08__cb_page_split_avoid,rep1,nvrhi,d3d12,tex_mut,8,cb_page_split_avoid,0,ok,9577,50001,0x95bca375014e86d9,NVIDIA GeForce RTX 4050 Laptop GPU,1.4709,1.18034,1.82962,1.7102,1.4704,2.23626,1.4794,1.18823,1.84016,1.394,1.10056,1.70947,0.0764,0.0576,0.1404,0.3279,0.2721,0.419892,0.0095,0.0068,0.0205,0.0084,0.0059,0.0181,0.24,0.193976,0.412936,2.0658,1.78513,2.68222,,,,0,,120,1,0,"DXGI flip-discard, sync interval 0, DXGI_PRESENT_ALLOW_TEARING",false,0,
nvrhi_d3d12_tex_mut_t08__cb_page_split_force,rep1,nvrhi,d3d12,tex_mut,8,cb_page_split_force,0,ok,8327,50001,0x95bca375014e86d9,NVIDIA GeForce RTX 4050 Laptop GPU,1.7958,1.62676,2.08809,2.0362,1.84862,2.40989,1.8046,1.63411,2.097,1.7215,1.55455,1.98498,0.0749,0.0594,0.125,0.3228,0.2693,0.403474,0.0094,0.0069,0.0188,0.0084,0.0061,0.016774,0.24,0.1991,0.3711,2.3846,2.16432,2.83473,,,,0,,120,1,0,"DXGI flip-discard, sync interval 0, DXGI_PRESENT_ALLOW_TEARING",true,8,
nvrhi_d3d12_tex_mut_t08__no_auto_barriers,rep1,nvrhi,d3d12,tex_mut,8,no_auto_barriers,0,ok,9413,50001,0x95bca375014e86d9,NVIDIA GeForce RTX 4050 Laptop GPU,1.4651,1.26371,2.00655,1.7118,1.50448,2.34445,1.4736,1.27262,2.0249,1.3863,1.1776,1.89193,0.0746,0.0578,0.1347,0.3236,0.270224,0.407476,0.0093,0.0065,0.0194,0.0081,0.005512,0.0173,0.2386,0.1954,0.391628,2.0631,1.81796,2.74858,,,,0,,120,1,0,"DXGI flip-discard, sync interval 0, DXGI_PRESENT_ALLOW_TEARING",true,1,
nvrhi_d3d12_tex_mut_t08__track_liveness,rep1,nvrhi,d3d12,tex_mut,8,track_liveness,0,ok,7008,50001,0x95bca375014e86d9,NVIDIA GeForce RTX 4050 Laptop GPU,2.13075,1.90631,2.56296,2.38745,2.13605,2.96956,2.2337,2.00438,2.67262,2.0502,1.83094,2.43734,0.08025,0.062607,0.135993,0.3234,0.268414,0.414065,0.1027,0.0982,0.139793,0.1015,0.0973,0.137386,0.25475,0.209,0.404086,2.83475,2.52928,3.48029,,,,0,,120,1,0,"DXGI flip-discard, sync interval 0, DXGI_PRESENT_ALLOW_TEARING",true,1,
nvrhi_d3d12_tex_mut_t08,rep2,nvrhi,d3d12,tex_mut,8,,0,ok,8982,50001,0x95bca375014e86d9,NVIDIA GeForce RTX 4050 Laptop GPU,1.5611,1.35317,2.08174,1.8164,1.58157,2.41077,1.56955,1.36,2.09278,1.48015,1.28069,1.97281,0.0751,0.0585,0.133933,0.3283,0.2744,0.414819,0.0092,0.0066,0.0179,0.0081,0.0057,0.016,0.2364,0.194681,0.376671,2.17335,1.89793,2.83807,,,,0,,120,1,0,"DXGI flip-discard, sync interval 0, DXGI_PRESENT_ALLOW_TEARING",true,2,
nvrhi_d3d12_tex_mut_t08__always_set_state,rep2,nvrhi,d3d12,tex_mut,8,always_set_state,0,ok,8356,50001,0x95bca375014e86d9,NVIDIA GeForce RTX 4050 Laptop GPU,1.7865,1.40337,2.19104,2.0279,1.60933,2.55424,1.7947,1.41146,2.2026,1.7123,1.34007,2.0734,0.0743,0.057755,0.12749,0.3277,0.270655,0.41799,0.009,0.0059,0.018445,0.0079,0.005,0.016445,0.2386,0.1963,0.39406,2.3812,1.90954,2.99597,,,,0,,120,1,0,"DXGI flip-discard, sync interval 0, DXGI_PRESENT_ALLOW_TEARING",true,4,
nvrhi_d3d12_tex_mut_t08__cb_page_split_avoid,rep2,nvrhi,d3d12,tex_mut,8,cb_page_split_avoid,0,ok,9795,50001,0x95bca375014e86d9,NVIDIA GeForce RTX 4050 Laptop GPU,1.4439,1.12905,1.74982,1.676,1.44538,2.09277,1.4521,1.13745,1.76322,1.3712,1.05997,1.64118,0.0735,0.0572,0.131506,0.3236,0.2692,0.405506,0.0091,0.0065,0.0188,0.008,0.0056,0.0164,0.2334,0.1928,0.38633,2.0263,1.75529,2.56253,,,,0,,120,1,0,"DXGI flip-discard, sync interval 0, DXGI_PRESENT_ALLOW_TEARING",false,0,
nvrhi_d3d12_tex_mut_t08__cb_page_split_force,rep2,nvrhi,d3d12,tex_mut,8,cb_page_split_force,0,ok,8177,50001,0x95bca375014e86d9,NVIDIA GeForce RTX 4050 Laptop GPU,1.8266,1.65445,2.19688,2.0759,1.87544,2.54318,1.8352,1.66145,2.21131,1.7486,1.58708,2.0753,0.076,0.0597,0.128492,0.3234,0.271352,0.406624,0.0099,0.0071,0.0193,0.0087,0.0062,0.017224,0.2434,0.200476,0.380392,2.4268,2.19348,2.97612,,,,0,,120,1,0,"DXGI flip-discard, sync interval 0, DXGI_PRESENT_ALLOW_TEARING",true,8,
nvrhi_d3d12_tex_mut_t08__no_auto_barriers,rep2,nvrhi,d3d12,tex_mut,8,no_auto_barriers,0,ok,8909,50001,0x95bca375014e86d9,NVIDIA GeForce RTX 4050 Laptop GPU,1.6823,1.34062,2.09537,1.9135,1.56532,2.44678,1.6904,1.34886,2.10716,1.6106,1.27262,1.97788,0.0753,0.0591,0.132068,0.3252,0.269708,0.407992,0.0093,0.0067,0.0186,0.0082,0.0058,0.016392,0.2384,0.196908,0.384984,2.2599,1.86558,2.84076,,,,0,,120,1,0,"DXGI flip-discard, sync interval 0, DXGI_PRESENT_ALLOW_TEARING",true,4,
nvrhi_d3d12_tex_mut_t08__track_liveness,rep2,nvrhi,d3d12,tex_mut,8,track_liveness,0,ok,7006,50001,0x95bca375014e86d9,NVIDIA GeForce RTX 4050 Laptop GPU,2.10425,1.90863,2.40169,2.3707,2.1374,2.76259,2.20725,2.01061,2.51579,2.02035,1.83403,2.28275,0.0833,0.063905,0.13979,0.3555,0.27301,0.450085,0.103,0.0979,0.13689,0.1016,0.0968,0.13489,0.2635,0.2114,0.414495,2.8434,2.55097,3.30675,,,,0,,120,1,0,"DXGI flip-discard, sync interval 0, DXGI_PRESENT_ALLOW_TEARING",false,0,
nvrhi_d3d12_tex_mut_t08,rep3,nvrhi,d3d12,tex_mut,8,,0,ok,9295,50001,0x95bca375014e86d9,NVIDIA GeForce RTX 4050 Laptop GPU,1.4914,1.29449,2.04631,1.7312,1.52409,2.37472,1.4998,1.30277,2.06297,1.4162,1.21169,1.93891,0.0732,0.0579,0.1292,0.3248,0.2709,0.4127,0.0093,0.0066,0.019006,0.0082,0.005794,0.0166,0.2342,0.195,0.376406,2.0829,1.82869,2.80975,,,,0,,120,1,0,"DXGI flip-discard, sync interval 0, DXGI_PRESENT_ALLOW_TEARING",true,1,
nvrhi_d3d12_tex_mut_t08__always_set_state,rep3,nvrhi,d3d12,tex_mut,8,always_set_state,0,ok,8593,50001,0x95bca375014e86d9,NVIDIA GeForce RTX 4050 Laptop GPU,1.7491,1.3617,2.09956,1.9869,1.59458,2.45232,1.7573,1.36994,2.11032,1.6751,1.29839,1.99107,0.0755,0.058692,0.128032,0.324,0.2715,0.4086,0.0094,0.0069,0.019,0.0083,0.006,0.0169,0.2418,0.1984,0.380208,2.3368,1.90797,2.86107,,,,0,,120,1,0,"DXGI flip-discard, sync interval 0, DXGI_PRESENT_ALLOW_TEARING",true,2,
nvrhi_d3d12_tex_mut_t08__cb_page_split_avoid,rep3,nvrhi,d3d12,tex_mut,8,cb_page_split_avoid,0,ok,9575,50001,0x95bca375014e86d9,NVIDIA GeForce RTX 4050 Laptop GPU,1.4865,1.16742,1.76615,1.7223,1.47136,2.10953,1.4952,1.17472,1.7792,1.4114,1.08951,1.6636,0.0743,0.057574,0.1301,0.3273,0.2716,0.415752,0.0093,0.0068,0.0185,0.0083,0.005974,0.016426,0.2365,0.1939,0.388712,2.0772,1.79279,2.58151,,,,0,,120,1,0,"DXGI flip-discard, sync interval 0, DXGI_PRESENT_ALLOW_TEARING",false,0,
nvrhi_d3d12_tex_mut_t08__cb_page_split_force,rep3,nvrhi,d3d12,tex_mut,8,cb_page_split_force,0,ok,8278,50001,0x95bca375014e86d9,NVIDIA GeForce RTX 4050 Laptop GPU,1.8028,1.61143,2.13641,2.0506,1.84017,2.52077,1.8115,1.61825,2.14651,1.726,1.54185,2.01546,0.0764,0.058377,0.1305,0.3223,0.267408,0.404015,0.0097,0.0066,0.0195,0.0086,0.0058,0.0173,0.2447,0.1965,0.392769,2.3993,2.13811,2.93085,,,,0,,120,1,0,"DXGI flip-discard, sync interval 0, DXGI_PRESENT_ALLOW_TEARING",true,8,
nvrhi_d3d12_tex_mut_t08__no_auto_barriers,rep3,nvrhi,d3d12,tex_mut,8,no_auto_barriers,0,ok,9323,50001,0x95bca375014e86d9,NVIDIA GeForce RTX 4050 Laptop GPU,1.4702,1.25964,2.05498,1.7245,1.50967,2.38763,1.4791,1.26722,2.06671,1.3885,1.16915,1.94256,0.0751,0.0586,0.13369,0.3269,0.271522,0.4105,0.0092,0.0066,0.019078,0.0081,0.0057,0.016978,0.2388,0.1957,0.386936,2.0808,1.82618,2.80455,,,,0,,120,1,0,"DXGI flip-discard, sync interval 0, DXGI_PRESENT_ALLOW_TEARING",true,1,
nvrhi_d3d12_tex_mut_t08__track_liveness,rep3,nvrhi,d3d12,tex_mut,8,track_liveness,0,ok,7026,50001,0x95bca375014e86d9,NVIDIA GeForce RTX 4050 Laptop GPU,2.1188,1.92603,2.50115,2.3802,2.15808,2.8723,2.222,2.02732,2.6213,2.0366,1.85225,2.37332,0.0821,0.063325,0.138625,0.3244,0.27025,0.410375,0.1034,0.0984,0.136475,0.1022,0.0974,0.1346,0.2575,0.2111,0.398425,2.82795,2.55965,3.40848,,,,0,,120,1,0,"DXGI flip-discard, sync interval 0, DXGI_PRESENT_ALLOW_TEARING",true,2,
nvrhi_vk_tex_mut_t01,rep1,nvrhi,vk,tex_mut,1,,0,ok,1477,50001,0x95bca375014e86d9,NVIDIA GeForce RTX 4050 Laptop GPU,11.6183,10.0532,13.6119,11.6718,10.0975,13.6961,11.717,10.155,13.7105,11.4155,9.86734,13.3879,0.1866,0.160508,0.319808,1.6695,1.63508,1.95798,0.1098,0.1048,0.162952,0.0997,0.0964,0.14676,0.0484,0.038776,0.10424,13.4881,11.8843,15.5225,,,,0,,120,1,0,VK_PRESENT_MODE_IMMEDIATE_KHR,n/a,0,
nvrhi_vk_tex_mut_t01__always_set_state,rep1,nvrhi,vk,tex_mut,1,always_set_state,0,ok,1452,50001,0x95bca375014e86d9,NVIDIA GeForce RTX 4050 Laptop GPU,11.8368,10.2993,14.0691,11.8929,10.3529,14.159,11.9419,10.4008,14.2539,11.6307,10.1184,13.8123,0.1864,0.1622,0.333823,1.671,1.6358,1.89516,0.11,0.105,0.515069,0.0998,0.096851,0.501069,0.0486,0.038504,0.106445,13.7233,12.158,16.0675,,,,0,,120,1,0,VK_PRESENT_MODE_IMMEDIATE_KHR,n/a,0,
nvrhi_vk_tex_mut_t01__no_auto_barriers,rep1,nvrhi,vk,tex_mut,1,no_auto_barriers,0,ok,1516,50001,0x95bca375014e86d9,NVIDIA GeForce RTX 4050 Laptop GPU,11.2645,9.7411,13.2149,11.316,9.78813,13.3048,11.3651,9.83989,13.3387,11.0633,9.5634,12.9554,0.1872,0.160715,0.31607,1.67435,1.63613,1.9422,0.1098,0.1051,0.1603,0.0994,0.0965,0.144845,0.0487,0.039115,0.10222,13.1414,11.5928,15.1299,,,,0,,120,1,0,VK_PRESENT_MODE_IMMEDIATE_KHR,n/a,0,
nvrhi_vk_tex_mut_t01__track_liveness,rep1,nvrhi,vk,tex_mut,1,track_liveness,0,ok,1243,50001,0x95bca375014e86d9,NVIDIA GeForce RTX 4050 Laptop GPU,13.9264,11.5948,17.0702,13.9948,11.6432,17.1323,14.2216,11.8869,17.3558,13.716,11.4174,16.8564,0.1912,0.1641,0.359332,1.6576,1.63123,1.92962,0.2942,0.2861,0.593036,0.2828,0.2769,0.581464,0.0503,0.0409,0.114554,16.0217,13.6409,19.1357,,,,0,,120,1,0,VK_PRESENT_MODE_IMMEDIATE_KHR,n/a,0,
nvrhi_vk_tex_mut_t01,rep2,nvrhi,vk,tex_mut,1,,0,ok,1419,50001,0x95bca375014e86d9,NVIDIA GeForce RTX 4050 Laptop GPU,12.1948,10.5455,14.3565,12.2534,10.5912,14.4259,12.3005,10.6514,14.4597,11.981,10.3792,14.1214,0.1881,0.162418,0.337258,1.6732,1.6367,1.90096,0.1099,0.1049,0.458268,0.0995,0.096618,0.448976,0.0494,0.04,0.111674,14.073,12.3968,16.2587,,,,0,,120,1,0,VK_PRESENT_MODE_IMMEDIATE_KHR,n/a,0,
nvrhi_vk_tex_mut_t01__always_set_state,rep2,nvrhi,vk,tex_mut,1,always_set_state,0,ok,1439,50001,0x95bca375014e86d9,NVIDIA GeForce RTX 4050 Laptop GPU,11.9485,10.3953,14.2562,11.9945,10.4438,14.3143,12.0491,10.4966,14.3843,11.7485,10.2118,14.0073,0.1868,0.160638,0.325252,1.6709,1.63714,1.9247,0.11,0.105,0.429346,0.0996,0.0965,0.418194,0.0489,0.0391,0.112432,13.8241,12.2463,16.1603,,,,0,,120,1,0,VK_PRESENT_MODE_IMMEDIATE_KHR,n/a,0,
nvrhi_vk_tex_mut_t01__no_auto_barriers,rep2,nvrhi,vk,tex_mut,1,no_auto_barriers,0,ok,1507,50001,0x95bca375014e86d9,NVIDIA GeForce RTX 4050 Laptop GPU,11.347,9.77938,13.4922,11.3996,9.82697,13.5589,11.4501,9.87802,13.592,11.1446,9.57693,13.1847,0.1859,0.160006,0.321284,1.6668,1.63314,1.95512,0.1098,0.104606,0.322936,0.0992,0.096506,0.31348,0.0489,0.0391,0.10387,13.2077,11.6182,15.3583,,,,0,,120,1,0,VK_PRESENT_MODE_IMMEDIATE_KHR,n/a,0,
nvrhi_vk_tex_mut_t01__track_liveness,rep2,nvrhi,vk,tex_mut,1,track_liveness,0,ok,1230,50001,0x95bca375014e86d9,NVIDIA GeForce RTX 4050 Laptop GPU,14.1197,11.5315,17.0185,14.1781,11.5777,17.1009,14.4123,11.8168,17.3043,13.904,11.3556,16.7576,0.19045,0.164587,0.337292,1.6644,1.62989,2.00353,0.2955,0.2864,0.57805,0.284,0.2775,0.562822,0.0502,0.041,0.105842,16.1938,13.5611,19.0936,,,,0,,120,1,0,VK_PRESENT_MODE_IMMEDIATE_KHR,n/a,0,
nvrhi_vk_tex_mut_t01,rep3,nvrhi,vk,tex_mut,1,,0,ok,1395,50001,0x95bca375014e86d9,NVIDIA GeForce RTX 4050 Laptop GPU,12.3864,10.137,15.4985,12.4313,10.1776,15.5703,12.5001,10.2377,15.6039,12.1753,9.95511,15.2375,0.1873,0.164464,0.674114,1.6704,1.64229,1.89722,0.1097,0.1051,0.513988,0.0989,0.0964,0.493592,0.0485,0.0405,0.101278,14.2722,12.0208,17.4317,,,,0,,120,1,0,VK_PRESENT_MODE_IMMEDIATE_KHR,n/a,0,
nvrhi_vk_tex_mut_t01__always_set_state,rep3,nvrhi,vk,tex_mut,1,always_set_state,0,ok,1460,50001,0x95bca375014e86d9,NVIDIA GeForce RTX 4050 Laptop GPU,11.7622,10.3484,14.1659,11.8165,10.3949,14.2265,11.8651,10.4489,14.3149,11.5696,10.1697,13.9231,0.18435,0.159736,0.309505,1.6585,1.63406,1.89403,0.1088,0.1045,0.157646,0.0986,0.0963,0.140707,0.0472,0.0385,0.102725,13.6246,12.1969,16.1236,,,,0,,120,1,0,VK_PRESENT_MODE_IMMEDIATE_KHR,n/a,0,
nvrhi_vk_tex_mut_t01__no_auto_barriers,rep3,nvrhi,vk,tex_mut,1,no_auto_barriers,0,ok,1386,50001,0x95bca375014e86d9,NVIDIA GeForce RTX 4050 Laptop GPU,12.479,10.4932,15.3642,12.5295,10.5395,15.4333,12.583,10.5928,15.4638,12.2749,10.2945,15.0611,0.1872,0.16267,0.35686,1.66735,1.63398,1.99284,0.11,0.105285,0.404185,0.0992,0.096385,0.38855,0.0482,0.0392,0.105005,14.3431,12.3477,17.2561,,,,0,,120,1,0,VK_PRESENT_MODE_IMMEDIATE_KHR,n/a,0,
nvrhi_vk_tex_mut_t01__track_liveness,rep3,nvrhi,vk,tex_mut,1,track_liveness,0,ok,1253,50001,0x95bca375014e86d9,NVIDIA GeForce RTX 4050 Laptop GPU,13.8668,11.4494,16.7895,13.9257,11.5,16.8465,14.1574,11.7384,17.0713,13.6398,11.2666,16.5332,0.1877,0.162812,0.358732,1.6578,1.6291,1.91218,0.2945,0.2868,0.523364,0.2834,0.2779,0.503236,0.0479,0.039752,0.09898,15.9318,13.4787,18.8736,,,,0,,120,1,0,VK_PRESENT_MODE_IMMEDIATE_KHR,n/a,0,
nvrhi_vk_tex_mut_t08,rep1,nvrhi,vk,tex_mut,8,,0,ok,6644,50001,0x95bca375014e86d9,NVIDIA GeForce RTX 4050 Laptop GPU,2.4994,2.04343,2.94312,2.5423,2.08601,3.0026,2.605,2.14914,3.07731,2.3312,1.83729,2.71822,0.1681,0.151643,0.235457,0.3237,0.276686,0.434599,0.1116,0.1077,0.1486,0.104,0.1018,0.1403,0.0426,0.0362,0.069657,3.0023,2.53695,3.59116,,,,0,,120,1,0,VK_PRESENT_MODE_IMMEDIATE_KHR,n/a,0,
nvrhi_vk_tex_mut_t08__always_set_state,rep1,nvrhi,vk,tex_mut,8,always_set_state,0,ok,6502,50001,0x95bca375014e86d9,NVIDIA GeForce RTX 4050 Laptop GPU,2.5738,2.10544,2.95752,2.6151,2.14408,3.0145,2.679,2.20963,3.07637,2.40475,1.92809,2.7713,0.1683,0.1525,0.231998,0.3232,0.276004,0.439399,0.1111,0.1073,0.1492,0.1039,0.1016,0.1406,0.0412,0.0353,0.067699,3.0724,2.6038,3.56809,,,,0,,120,1,0,VK_PRESENT_MODE_IMMEDIATE_KHR,n/a,0,
nvrhi_vk_tex_mut_t08__no_auto_barriers,rep1,nvrhi,vk,tex_mut,8,no_auto_barriers,0,ok,6899,50001,0x95bca375014e86d9,NVIDIA GeForce RTX 4050 Laptop GPU,2.3877,2.0082,2.83811,2.4297,2.05019,2.8943,2.4929,2.12039,2.95826,2.2192,1.81143,2.64193,0.168,0.1526,0.234106,0.3237,0.2759,0.44023,0.1109,0.1072,0.147406,0.1039,0.1017,0.1396,0.0416,0.0356,0.069302,2.8859,2.49809,3.47601,,,,0,,120,1,0,VK_PRESENT_MODE_IMMEDIATE_KHR,n/a,0,
nvrhi_vk_tex_mut_t08__track_liveness,rep1,nvrhi,vk,tex_mut,8,track_liveness,0,ok,6051,50001,0x95bca375014e86d9,NVIDIA GeForce RTX 4050 Laptop GPU,2.5796,2.33515,3.12,2.622,2.3726,3.17045,2.8773,2.6288,3.4279,2.4097,2.1714,2.9327,0.1678,0.1529,0.2313,0.3239,0.27585,0.47335,0.3023,0.2962,0.40735,0.2946,0.2898,0.3994,0.0419,0.036,0.0672,3.2779,3.01615,3.89975,,,,0,,120,1,0,VK_PRESENT_MODE_IMMEDIATE_KHR,n/a,0,
nvrhi_vk_tex_mut_t08,rep2,nvrhi,vk,tex_mut,8,,0,ok,6663,50001,0x95bca375014e86d9,NVIDIA GeForce RTX 4050 Laptop GPU,2.4797,2.079,3.04129,2.5222,2.11946,3.10378,2.5849,2.1864,3.16735,2.3125,1.90382,2.85144,0.1663,0.1518,0.2293,0.3243,0.277224,0.444892,0.1116,0.1077,0.1491,0.1041,0.101862,0.1401,0.0419,0.0358,0.070238,2.982,2.57718,3.64102,,,,0,,120,1,0,VK_PRESENT_MODE_IMMEDIATE_KHR,n/a,0,
nvrhi_vk_tex_mut_t08__always_set_state,rep2,nvrhi,vk,tex_mut,8,always_set_state,0,ok,6469,50001,0x95bca375014e86d9,NVIDIA GeForce RTX 4050 Laptop GPU,2.5747,2.18133,3.11527,2.6189,2.22953,3.16908,2.6808,2.28944,3.23769,2.4019,2.0028,2.90928,0.1717,0.1539,0.233864,0.3246,0.276636,0.443816,0.1124,0.1082,0.149932,0.1047,0.1024,0.1414,0.0439,0.0371,0.0701,3.0811,2.68269,3.74232,,,,0,,120,1,0,VK_PRESENT_MODE_IMMEDIATE_KHR,n/a,0,
nvrhi_vk_tex_mut_t08__no_auto_barriers,rep2,nvrhi,vk,tex_mut,8,no_auto_barriers,0,ok,6817,50001,0x95bca375014e86d9,NVIDIA GeForce RTX 4050 Laptop GPU,2.4128,2.04139,2.96343,2.4548,2.08349,3.01882,2.5188,2.14854,3.08035,2.2442,1.84335,2.75978,0.1682,0.1525,0.23932,0.3233,0.2756,0.46214,0.1112,0.1074,0.151484,0.104,0.1017,0.1413,0.0413,0.0352,0.070984,2.9146,2.53506,3.59124,,,,0,,120,1,0,VK_PRESENT_MODE_IMMEDIATE_KHR,n/a,0,
nvrhi_vk_tex_mut_t08__track_liveness,rep2,nvrhi,vk,tex_mut,8,track_liveness,0,ok,5982,50001,0x95bca375014e86d9,NVIDIA GeForce RTX 4050 Laptop GPU,2.6205,2.35263,3.11862,2.66405,2.39709,3.1685,2.9197,2.66576,3.44391,2.44765,2.18465,2.89525,0.1716,0.1547,0.239238,0.3271,0.2808,0.459133,0.3042,0.2981,0.408819,0.2963,0.291481,0.401095,0.0432,0.037,0.068776,3.32385,3.0569,4.01804,,,,0,,120,1,0,VK_PRESENT_MODE_IMMEDIATE_KHR,n/a,0,
nvrhi_vk_tex_mut_t08,rep3,nvrhi,vk,tex_mut,8,,0,ok,6665,50001,0x95bca375014e86d9,NVIDIA GeForce RTX 4050 Laptop GPU,2.4862,2.10134,2.97075,2.528,2.14263,3.02984,2.5915,2.20657,3.10781,2.3197,1.90913,2.76676,0.166,0.1513,0.233336,0.3229,0.2796,0.449384,0.1115,0.1076,0.1503,0.1041,0.1018,0.140872,0.0415,0.0356,0.069236,2.9861,2.59036,3.58859,,,,0,,120,1,0,VK_PRESENT_MODE_IMMEDIATE_KHR,n/a,0,
nvrhi_vk_tex_mut_t08__always_set_state,rep3,nvrhi,vk,tex_mut,8,always_set_state,0,ok,6419,50001,0x95bca375014e86d9,NVIDIA GeForce RTX 4050 Laptop GPU,2.5775,2.17759,3.07209,2.6207,2.22195,3.13647,2.683,2.28352,3.19614,2.4056,2.0019,2.86447,0.1704,0.1538,0.235982,0.348,0.290518,0.44462,0.1109,0.1071,0.150764,0.1039,0.1017,0.141,0.0427,0.0362,0.0696,3.1028,2.69467,3.73721,,,,0,,120,1,0,VK_PRESENT_MODE_IMMEDIATE_KHR,n/a,0,
nvrhi_vk_tex_mut_t08__no_auto_barriers,rep3,nvrhi,vk,tex_mut,8,no_auto_barriers,0,ok,6907,50001,0x95bca375014e86d9,NVIDIA GeForce RTX 4050 Laptop GPU,2.3753,2.0056,2.83126,2.419,2.04758,2.88281,2.481,2.11171,2.94426,2.2074,1.80544,2.63575,0.1682,0.1517,0.236304,0.3229,0.277,0.456304,0.1116,0.1074,0.1473,0.104,0.1016,0.138794,0.0433,0.0368,0.071,2.8777,2.50132,3.52135,,,,0,,120,1,0,VK_PRESENT_MODE_IMMEDIATE_KHR,n/a,0,
nvrhi_vk_tex_mut_t08__track_liveness,rep3,nvrhi,vk,tex_mut,8,track_liveness,0,ok,5959,50001,0x95bca375014e86d9,NVIDIA GeForce RTX 4050 Laptop GPU,2.6345,2.34694,3.14167,2.6786,2.3909,3.19579,2.936,2.6466,3.47204,2.4642,2.1832,2.95204,0.1694,0.152,0.236784,0.3252,0.2765,0.432784,0.3057,0.2991,0.413184,0.2974,0.2925,0.404426,0.0441,0.0374,0.0723,3.3393,3.04111,3.91867,,,,0,,120,1,0,VK_PRESENT_MODE_IMMEDIATE_KHR,n/a,0,
