renderer,api,binding,threads,variant,status,runs_scheduled,runs_ok,cpu_render_ms,cpu_render_ms_min,cpu_render_ms_max,cpu_render_gc_ms,cpu_render_gc_ms_min,cpu_render_gc_ms_max,cpu_render_present_ms,cpu_render_present_ms_min,cpu_render_present_ms_max,render_ms,render_ms_min,render_ms_max,submit_ms,submit_ms_min,submit_ms_max,gc_ms,gc_ms_min,gc_ms_max,present_ms,present_ms_min,present_ms_max,frame_ms,frame_ms_min,frame_ms_max,variant_over_default_cpu_render,variant_over_default_render_gc,variant_over_default_frame,reason
nvrhi,d3d12,tex_mut,1,default,ok,3,3,5.81715,5.7685,5.8658,5.82562,5.777,5.87425,6.2314,6.1739,6.2889,5.67122,5.625,5.71745,0.1275,0.1249,0.1301,0.0074,0.0072,0.0076,0.3667,0.3571,0.3763,8.10775,8.0585,8.157,,,,
nvrhi,d3d12,tex_mut,1,always_set_state,ok,3,3,5.95732,5.88205,6.0326,5.96555,5.8907,6.0404,6.3727,6.2997,6.4457,5.81115,5.7346,5.8877,0.127725,0.1274,0.12805,0.00725,0.007,0.0075,0.358875,0.3538,0.36395,8.21125,8.1333,8.2892,1.0241,1.02402,1.01277,
nvrhi,d3d12,tex_mut,1,cb_page_split_avoid,ok,3,3,5.9189,5.756,5.9219,5.9287,5.7649,5.9315,6.3423,6.15885,6.3515,5.7734,5.61105,5.7745,0.1307,0.1242,0.132,0.0075,0.0072,0.0079,0.3709,0.3566,0.3762,8.2113,8.0027,8.2354,1.01749,1.01769,1.01277,
nvrhi,d3d12,tex_mut,1,cb_page_split_force,ok,3,3,10.6377,10.5676,10.803,10.6461,10.574,10.8111,11.0453,10.9762,11.2299,10.487,10.4224,10.6343,0.1352,0.132,0.136,0.0074,0.0074,0.0076,0.3679,0.36375,0.3725,12.8906,12.7741,13.1844,1.82868,1.82746,1.58991,
nvrhi,d3d12,tex_mut,1,no_auto_barriers,ok,3,3,5.7604,5.7062,5.8146,5.7694,5.715,5.8238,6.17535,6.1171,6.2336,5.6097,5.5577,5.6617,0.1304,0.1302,0.1306,0.00765,0.0076,0.0077,0.3698,0.3677,0.3719,8.0376,7.9858,8.0894,0.990244,0.990349,0.991348,
nvrhi,d3d12,tex_mut,1,track_liveness,ok,3,3,11.5071,11.3853,11.6289,11.7078,11.5838,11.8317,11.929,11.8087,12.0494,11.3479,11.2254,11.4703,0.13595,0.1351,0.1368,0.13545,0.1329,0.138,0.36265,0.3593,0.366,13.8329,13.7012,13.9646,1.97814,2.0097,1.70614,
nvrhi,d3d12,tex_mut,8,default,ok,3,3,1.4567,1.4567,1.4567,1.4653,1.4653,1.4653,1.694,1.694,1.694,1.3806,1.3806,1.3806,0.0754,0.0754,0.0754,0.0082,0.0082,0.0082,0.2367,0.2367,0.2367,2.0459,2.0459,2.0459,,,,
nvrhi,d3d12,tex_mut,8,always_set_state,ok,3,3,1.51545,1.51545,1.51545,1.52365,1.52365,1.52365,1.75465,1.75465,1.75465,1.4395,1.4395,1.4395,0.0744,0.0744,0.0744,0.0081,0.0081,0.0081,0.2387,0.2387,0.2387,2.1092,2.1092,2.1092,1.04033,1.03982,1.03094,
nvrhi,d3d12,tex_mut,8,cb_page_split_avoid,ok,3,3,1.4709,1.4439,1.4865,1.4794,1.4521,1.4952,1.7102,1.676,1.7223,1.394,1.3712,1.4114,0.0743,0.0735,0.0764,0.0083,0.008,0.0084,0.2365,0.2334,0.24,2.0658,2.0263,2.0772,1.00975,1.00962,1.00973,
nvrhi,d3d12,tex_mut,8,cb_page_split_force,ok,3,3,1.8028,1.7958,1.8266,1.8115,1.8046,1.8352,2.0506,2.0362,2.0759,1.726,1.7215,1.7486,0.076,0.0749,0.0764,0.0086,0.0084,0.0087,0.2434,0.24,0.2447,2.3993,2.3846,2.4268,1.23759,1.23627,1.17274,
nvrhi,d3d12,tex_mut,8,no_auto_barriers,ok,3,3,1.4702,1.4651,1.6823,1.4791,1.4736,1.6904,1.7245,1.7118,1.9135,1.3885,1.3863,1.6106,0.0751,0.0746,0.0753,0.0081,0.0081,0.0082,0.2386,0.2384,0.2388,2.0808,2.0631,2.2599,1.00927,1.00942,1.01706,
nvrhi,d3d12,tex_mut,8,track_liveness,ok,3,3,2.10425,2.10425,2.10425,2.20725,2.20725,2.20725,2.3707,2.3707,2.3707,2.02035,2.02035,2.02035,0.0833,0.0833,0.0833,0.1016,0.1016,0.1016,0.2635,0.2635,0.2635,2.8434,2.8434,2.8434,1.44453,1.50635,1.3898,
nvrhi,vk,tex_mut,1,default,ok,3,3,12.1948,11.6183,12.3864,12.3005,11.717,12.5001,12.2534,11.6718,12.4313,11.981,11.4155,12.1753,0.1873,0.1866,0.1881,0.0995,0.0989,0.0997,0.0485,0.0484,0.0494,14.073,13.4881,14.2722,,,,
nvrhi,vk,tex_mut,1,always_set_state,ok,3,3,11.8368,11.7622,11.9485,11.9419,11.8651,12.0491,11.8929,11.8165,11.9945,11.6307,11.5696,11.7485,0.1864,0.18435,0.1868,0.0996,0.0986,0.0998,0.0486,0.0472,0.0489,13.7233,13.6246,13.8241,0.970643,0.970847,0.975155,
nvrhi,vk,tex_mut,1,no_auto_barriers,ok,3,3,11.347,11.2645,12.479,11.4501,11.3651,12.583,11.3996,11.316,12.5295,11.1446,11.0633,12.2749,0.1872,0.1859,0.1872,0.0992,0.0992,0.0994,0.0487,0.0482,0.0489,13.2077,13.1414,14.3431,0.930479,0.930865,0.938513,
nvrhi,vk,tex_mut,1,track_liveness,ok,3,3,13.9264,13.8668,14.1197,14.2216,14.1574,14.4123,13.9948,13.9257,14.1781,13.716,13.6398,13.904,0.19045,0.1877,0.1912,0.2834,0.2828,0.284,0.0502,0.0479,0.0503,16.0217,15.9318,16.1938,1.14199,1.15618,1.13847,
nvrhi,vk,tex_mut,8,default,ok,3,3,2.4862,2.4797,2.4994,2.5915,2.5849,2.605,2.528,2.5222,2.5423,2.3197,2.3125,2.3312,0.1663,0.166,0.1681,0.1041,0.104,0.1041,0.0419,0.0415,0.0426,2.9861,2.982,3.0023,,,,
nvrhi,vk,tex_mut,8,always_set_state,ok,3,3,2.5747,2.5738,2.5775,2.6808,2.679,2.683,2.6189,2.6151,2.6207,2.40475,2.4019,2.4056,0.1704,0.1683,0.1717,0.1039,0.1039,0.1047,0.0427,0.0412,0.0439,3.0811,3.0724,3.1028,1.0356,1.03446,1.03181,
nvrhi,vk,tex_mut,8,no_auto_barriers,ok,3,3,2.3877,2.3753,2.4128,2.4929,2.481,2.5188,2.4297,2.419,2.4548,2.2192,2.2074,2.2442,0.1682,0.168,0.1682,0.104,0.1039,0.104,0.0416,0.0413,0.0433,2.8859,2.8777,2.9146,0.960381,0.961953,0.966445,
nvrhi,vk,tex_mut,8,track_liveness,ok,3,3,2.6205,2.5796,2.6345,2.9197,2.8773,2.936,2.66405,2.622,2.6786,2.44765,2.4097,2.4642,0.1694,0.1678,0.1716,0.2963,0.2946,0.2974,0.0432,0.0419,0.0441,3.32385,3.2779,3.3393,1.05402,1.12664,1.11311,
